"","Set","Size","Count","z.score","p.value","q.value","List.of.Genes","FDR"
"1","KEGG_MELANOMA",71,15,2.70435,0.00342195,0.355882,"MAPK1(2.84305); FGF5(1.83715); PIK3R3(1.73453); FGF12(1.26237); PDGFRB(1.23293); FGF2(1.0288); CDKN1A(0.982532); FGF18(0.974695); FGF1(0.92817); IGF1(0.756258); CDH1(0.573101); PDGFD(0.336195); FGF14(0.136329); AKT3(0.0757193); FGF10(-0.238913); ",0.3558828
"2","KEGG_RENAL_CELL_CARCINOMA",70,10,2.37861,0.00868904,0.45183,"MAPK1(2.84305); PIK3R3(1.73453); FH(1.73342); EPAS1(1.45958); FLCN(1.38203); PAK2(0.92894); ARNT2(0.431171); AKT3(0.0757193); EGLN2(0.0384575); SLC2A1(-0.536149); ",0.45183008
"3","KEGG_CYTOSOLIC_DNA_SENSING_PATHWAY",55,11,2.06183,0.0196121,0.679887,"IL33(1.8159); IKBKE(1.76746); PYCARD(1.46579); POLR3A(1.29258); IKBKB(1.26728); NFKBIA(1.14981); IFNA21(1.00014); POLR1D(0.683098); ADAR(0.54259); CHUK(-0.536149); POLR3F(-0.536149); ",0.56238832
"4","KEGG_LYSINE_DEGRADATION",44,10,1.94048,0.0261606,0.680176,"AADAT(2.70713); EHMT1(1.09666); SETDB1(0.969478); AASS(0.962132); AASDH(0.910457); SETD7(0.78078); HADH(0.745784); EHMT2(-0.536149); ",0.56238832
"5","KEGG_O_GLYCAN_BIOSYNTHESIS",30,12,1.92623,0.0270379,0.680176,"GALNT15(2.0382); GALNT6(1.4178); GALNT14(1.39228); GALNTL5(1.15348); GALNT18(1.14822); GALNT10(0.965341); GALNT13(0.962336); GALNT8(0.809019); GALNT2(0.461553); GALNT12(0.346778); GALNTL6(0.00323633); GALNT3(-0.536149); ",0.56238832
"6","KEGG_TRYPTOPHAN_METABOLISM",40,11,1.81128,0.0350487,0.680176,"AADAT(2.70713); WARS(1.80917); WARS2(1.25794); DDC(0.945177); KMO(0.928579); ACMSD(0.477864); KYNU(0.202178); ALDH7A1(-0.0439609); TPH1(-0.306227); ",0.5961319
"7","KEGG_PRIMARY_IMMUNODEFICIENCY",35,12,1.73521,0.0413515,0.680176,"CIITA(1.43602); IL7R(1.43481); ZAP70(1.40389); LCK(1.11161); BLNK(0.972985); ADA(0.914657); TNFRSF13B(0.725971); TAP1(0.359388); TAP2(0.271743); RFX5(0.232575); CD8A(0.153278); ",0.5961319
"8","KEGG_JAK_STAT_SIGNALING_PATHWAY",155,33,1.68643,0.0458563,0.680176,"PIK3R3(1.73453); SPRED2(1.6931); IL26(1.56456); SPRY2(1.49688); GHR(1.44553); IL7R(1.43481); SOCS7(1.14982); CCND2(1.10245); IL10RA(1.08231); IL4R(1.05211); IL15RA(1.02725); IFNW1(1.00014); IFNA21(1.00014); CSF3R(0.964701); IL22RA1(0.955488); JAK1(0.947832); STAT1(0.56181); IL2RA(0.352361); LEPR(0.33355); IFNLR1(0.286089); PRLR(0.244988); SOCS2(0.181675); IL4(0.115285); IL13(0.115285); AKT3(0.0757193); IL12A(-0.536149); IL19(-0.536149); STAT5B(-0.536149); STAT5A(-0.536149); STAT3(-0.536149); ",0.5961319
"9","KEGG_PARKINSONS_DISEASE",128,12,1.59248,0.0556388,0.680176,"HTRA2(1.78952); NDUFA4(1.75948); SNCAIP(1.48888); NDUFA8(1.21361); SLC6A3(1.08963); SLC18A2(1.06812); LRRK2(0.498066); COX5B(0.202908); NDUFA9(0.0432912); SDHA(0.00825404); COX7A2(-0.536149); ",0.642937244444444
"10","KEGG_LONG_TERM_DEPRESSION",70,22,1.47173,0.0705466,0.733685,"MAPK1(2.84305); GNA11(2.77875); PLA2G2D(1.46018); PRKG2(1.44592); GRID2(1.20071); PPP2R1B(1.12607); PRKG1(1.09225); PLA2G4A(1.02862); GRM1(0.97659); IGF1(0.756258); PLCB1(0.65064); RYR1(0.551121); CRHR1(0.464616); NOS1(0.407011); PRKCA(0.258477); ITPR3(-0.0382071); GNAI3(-0.132864); GRIA1(-0.136947); ITPR2(-0.243275); GRM5(-0.392788); PLA2G4E(-0.536149); ITPR1(-1.34099); ",0.722611854545455
"11","KEGG_AMINOACYL_TRNA_BIOSYNTHESIS",41,11,1.4295,0.0764301,0.733685,"TARS2(2.05385); WARS(1.80917); WARS2(1.25794); IARS2(1.22921); FARS2(0.985667); VARS2(0.770802); PARS2(0.68866); VARS(0.537363); NARS2(-0.0815449); LARS(-0.536149); SARS(-0.536149); ",0.722611854545455
"12","KEGG_PROSTATE_CANCER",89,22,1.30379,0.0961534,0.833329,"MAPK1(2.84305); PIK3R3(1.73453); NKX3-1(1.49083); KLK3(1.30809); IKBKB(1.26728); PDGFRB(1.23293); NFKBIA(1.14981); CREB3L3(1.0778); TCF7L2(1.03721); CDKN1A(0.982532); IGF1(0.756258); PDGFD(0.336195); LEF1(0.276359); TCF7L1(0.261645); BCL2(0.248289); AKT3(0.0757193); HSP90AA1(-0.0676828); HSP90AB1(-0.297586); CHUK(-0.536149); CCNE1(-0.536149); CREB5(-0.536149); SRD5A2(-0.536149); ",0.752232
"13","KEGG_TOLL_LIKE_RECEPTOR_SIGNALING_PATHWAY",102,16,1.29379,0.0978694,0.833329,"MAPK1(2.84305); IKBKE(1.76746); PIK3R3(1.73453); IKBKB(1.26728); NFKBIA(1.14981); TICAM1(1.07063); IFNA21(1.00014); IRAK4(0.453262); TICAM2(0.206641); AKT3(0.0757193); TRAF3(0.0681859); MAPK10(-0.0792362); MAPK8(-0.536149); CHUK(-0.536149); IL12A(-0.536149); ",0.752232
"14","KEGG_ALDOSTERONE_REGULATED_SODIUM_REABSORPTION",42,14,1.2736,0.101402,0.833329,"MAPK1(2.84305); PIK3R3(1.73453); SCNN1A(1.62249); ATP1B1(0.924914); FXYD2(0.910907); IGF1(0.756258); SGK1(0.570152); NEDD4L(0.416704); ATP1B2(0.413317); PRKCA(0.258477); ATP1B3(0.0538919); NR3C2(-0.0729973); ATP1A1(-0.536149); ATP1A4(-0.536149); ",0.752232
"15","KEGG_VASOPRESSIN_REGULATED_WATER_REABSORPTION",44,10,1.23457,0.108495,0.833329,"DYNC1H1(2.08903); DCTN1(1.47164); CREB3L3(1.0778); ADCY6(1.03171); DYNC2LI1(0.905224); ADCY9(0.500574); RAB11B(0.380439); PRKACB(-0.372846); CREB5(-0.536149); ",0.752232
"16","KEGG_P53_SIGNALING_PATHWAY",68,10,1.16804,0.121395,0.833329,"TNFRSF10B(1.70116); PPM1D(1.66033); PERP(1.24197); CCND2(1.10245); CDKN1A(0.982532); PMAIP1(0.964135); CDK1(-0.160824); CCNE1(-0.536149); SESN1(-0.57319); ",0.762607529411765
"17","KEGG_TGF_BETA_SIGNALING_PATHWAY",85,16,1.15202,0.124657,0.833329,"MAPK1(2.84305); PPP2R1B(1.12607); RBL1(1.04043); SMURF1(0.903416); ACVRL1(0.845679); THBS4(0.806231); FST(0.690566); ROCK1(0.675705); NOG(0.574745); BMP6(0.429211); LEFTY1(0.236846); TGFBR1(-0.0669302); SMAD9(-0.0966379); LTBP1(-0.190017); TGFBR2(-0.32303); ",0.762607529411765
"18","KEGG_COMPLEMENT_AND_COAGULATION_CASCADES",69,22,0.967763,0.166581,0.96247,"PLAUR(1.64087); SERPINF2(1.57936); PLAT(1.41099); F3(1.35078); C3(1.20741); C4A(1.01259); C4B(1.01259); CD59(1.01236); CR2(0.966219); C9(0.941552); F13A1(0.869191); C4BPA(0.808644); C7(0.659545); CFB(0.207742); TFPI(0.191743); KLKB1(-0.133897); CD55(-0.18447); F11(-0.275412); F5(-0.402); C2(-0.536149); CPB2(-0.536149); C8A(-0.536149); ",0.962468
"19","KEGG_CHRONIC_MYELOID_LEUKEMIA",73,15,0.902071,0.18351,1,"MAPK1(2.84305); PIK3R3(1.73453); IKBKB(1.26728); NFKBIA(1.14981); SMAD3(1.00454); CDKN1A(0.982532); CTBP2(0.92382); MECOM(0.752063); AKT3(0.0757193); GAB2(-0.0394333); TGFBR1(-0.0669302); TGFBR2(-0.32303); CHUK(-0.536149); STAT5B(-0.536149); STAT5A(-0.536149); ",0.999469
"20","KEGG_TYPE_II_DIABETES_MELLITUS",47,14,0.830077,0.203248,1,"MAPK1(2.84305); ABCC8(1.89553); PIK3R3(1.73453); PRKCE(1.47869); IKBKB(1.26728); PRKCZ(1.10423); SOCS2(0.181675); CACNA1C(0.147694); CACNA1D(0.125551); MAPK10(-0.0792362); CACNA1B(-0.297635); MAPK8(-0.536149); CACNA1E(-0.536149); HK1(-1.34099); ",0.999469
"21","KEGG_NOTCH_SIGNALING_PATHWAY",47,12,0.821067,0.205804,1,"HES1(2.82799); NCOR2(1.21864); PSEN2(1.05392); RBPJ(1.02574); MAML3(0.964134); CTBP2(0.92382); KAT2B(0.209257); PSENEN(0.206728); MAML2(0.144614); ADAM17(-0.504684); PSEN1(-0.536149); DTX3(-0.536149); ",0.999469
"22","KEGG_CYTOKINE_CYTOKINE_RECEPTOR_INTERACTION",265,56,0.675414,0.249706,1,"CXCR5(2.37685); CXCL13(1.70818); IL23R(1.63319); TNFRSF1A(1.62249); CCL20(1.61681); IL26(1.56456); GHR(1.44553); IL7R(1.43481); PDGFRB(1.23293); CSF1R(1.23293); TNFSF14(1.20741); CCL26(1.16687); IL10RA(1.08231); IL4R(1.05211); IL15RA(1.02725); IFNW1(1.00014); CSF3R(0.964701); IL22RA1(0.955488); EDAR(0.862557); ACVRL1(0.845679); TNFRSF13B(0.725971); FLT4(0.707189); TNFSF12(0.672766); TNFSF13(0.672766); IL21R(0.399248); CXCL16(0.371885); IL2RA(0.352361); IFNLR1(0.286089); TNFRSF21(0.281706); PRLR(0.244988); IL4(0.115285); IL13(0.115285); CCL24(0.0866713); TNFRSF8(0.0622911); CSF1(-0.0407865); TGFBR1(-0.0669302); TNFSF18(-0.0875005); IL22(-0.242441); CXCL1(-0.309114); TGFBR2(-0.32303); PF4V1(-0.328221); IL12A(-0.536149); IL25(-0.536149); IL17RA(-0.536149); KIT(-0.536149); IL19(-0.536149); PLEKHO2(-0.536149); CXCL2(-0.536149); IL1R2(-1.34099); IL1RAP(-1.34099); ",0.999469
"23","KEGG_ALANINE_ASPARTATE_AND_GLUTAMATE_METABOLISM",32,10,0.672463,0.250644,1,"AGXT2(1.53334); GAD2(1.31729); NIT2(1.0044); ASS1(0.994446); ADSS(0.960695); ABAT(0.934656); ASPA(0.0984669); GLS(-0.27236); GOT1(-0.404275); GLUL(-0.536149); ",0.999469
"24","KEGG_OLFACTORY_TRANSDUCTION",389,74,0.612853,0.269987,1,"OR12D3(2.13049); OR51L1(2.02082); OR4K17(2.00098); OR4C3(1.72556); OR4S1(1.72556); OR52J3(1.58496); OR52E2(1.58496); OR7C2(1.55437); OR13F1(1.5322); PRKG2(1.44592); OR10Z1(1.40151); GUCA1A(1.38361); OR14J1(1.29435); OR5K1(1.27182); OR1C1(1.25598); OR11A1(1.20854); OR10C1(1.20854); OR10G2(1.18077); OR9Q2(1.1577); OR1S2(1.1577); OR2B11(1.14934); OR51M1(1.14649); PRKG1(1.09225); OR51B5(1.02046); OR13C3(0.987183); OR13C4(0.987183); OR4A47(0.95266); OR9I1(0.935599); OR10H2(0.924895); OR10P1(0.825218); OR12D2(0.651631); GUCA1B(0.630555); ADCY3(0.584659); OR2W1(0.527203); OR10A4(0.524844); OR10A2(0.524844); OR2D2(0.524844); OR2B3(0.48951); OR4D2(0.43627); OR4D1(0.43627); OR51Q1(0.363787); OR11L1(0.273908); OR5AU1(0.272626); CNGA3(0.271299); OR2AG2(0.253314); OR5AK2(0.209536); CNGB1(0.192564); OR2C3(0.190123); OR10H3(0.120051); OR51I2(-0.105638); OR9Q1(-0.116566); OR52H1(-0.156043); OR5V1(-0.241149); OR51I1(-0.282141); OR51B2(-0.311408); OR51B4(-0.372651); PRKACB(-0.372846); OR10K1(-0.536149); OR1J4(-0.536149); OR1J2(-0.536149); OR2H2(-0.536149); OR10R2(-0.536149); OR52N4(-0.536149); OR52E4(-0.536149); OR10G4(-0.536149); OR2A5(-0.536149); OR1E2(-0.536149); OR56B1(-0.536149); GUCA1C(-0.597025); OR6Y1(-1.34099); OR10X1(-1.34099); OR1A1(-1.81042); OR1A2(-1.81042); ",0.999469
"25","KEGG_PANCREATIC_CANCER",70,15,0.608387,0.271466,1,"MAPK1(2.84305); PIK3R3(1.73453); RALBP1(1.65781); IKBKB(1.26728); SMAD3(1.00454); JAK1(0.947832); AKT3(0.0757193); TGFBR1(-0.0669302); MAPK10(-0.0792362); PLD1(-0.150499); TGFBR2(-0.32303); MAPK8(-0.536149); CHUK(-0.536149); STAT3(-0.536149); ",0.999469
"26","KEGG_MELANOGENESIS",101,20,0.585202,0.279206,1,"MAPK1(2.84305); WNT9B(1.59894); CREB3L3(1.0778); TCF7L2(1.03721); ADCY6(1.03171); FZD8(0.908451); PLCB1(0.65064); ADCY3(0.584659); ADCY9(0.500574); ADCY5(0.342111); LEF1(0.276359); TCF7L1(0.261645); PRKCA(0.258477); WNT5A(0.204424); ADCY8(0.19371); GNAI3(-0.132864); ADCY2(-0.285421); PRKACB(-0.372846); KIT(-0.536149); WNT7A(-0.536149); ",0.999469
"27","KEGG_ENDOCYTOSIS",181,44,0.556108,0.289069,1,"PIKFYVE(1.81484); PARD3(1.66266); RET(1.52762); AP2A1(1.40612); MVB12B(1.27341); CSF1R(1.23293); IQSEC3(1.17555); RAB31(1.15364); RAB11FIP4(1.11045); PRKCZ(1.10423); AGAP2(1.09609); SH3GLB1(0.929508); NEDD4(0.916658); EHD3(0.908586); SMURF1(0.903416); SH3GL3(0.680752); SH3GL2(0.635962); AGAP1(0.600821); PIP5K1A(0.522952); NEDD4L(0.416704); RAB11B(0.380439); IL2RA(0.352361); PARD6G(0.333937); ASAP1(0.327401); ARAP3(0.290158); DNM3(0.233974); IQSEC1(0.192762); VPS37A(0.172073); DAB2(-0.0338874); PIP5K1B(-0.0909258); RAB4A(-0.139012); PLD1(-0.150499); HLA-C(-0.16713); PSD3(-0.36427); GRK5(-0.536149); KIT(-0.536149); EPN1(-0.536149); SMAP1(-0.536149); TFRC(-0.536149); HLA-F(-1.34099); ",0.999469
"28","KEGG_ABC_TRANSPORTERS",44,16,0.549632,0.291286,1,"ABCC8(1.89553); ABCA2(1.87868); ABCC9(1.40362); ABCD3(1.35078); ABCB5(1.0122); ABCG8(0.905224); ABCG5(0.905224); TAP1(0.359388); TAP2(0.271743); ABCC1(0.176484); ABCA1(0.165893); ABCC4(-0.167758); ABCA8(-0.536149); ABCB1(-0.536149); ABCA12(-0.536149); ABCG2(-0.536149); ",0.999469
"29","KEGG_WNT_SIGNALING_PATHWAY",150,39,0.538874,0.294987,1,"PPP2R5C(2.08903); NKD2(1.98594); RUVBL1(1.60999); PPP3CA(1.41829); VANGL1(1.26035); CCND2(1.10245); NFAT5(1.06597); TCF7L2(1.03721); CSNK1A1(1.03322); SMAD3(1.00454); SENP2(0.97444); CTBP2(0.92382); FZD8(0.908451); SFRP4(0.82086); ROCK1(0.675705); PLCB1(0.65064); CSNK2B(0.537363); PPARD(0.399695); CTNNBIP1(0.324897); LRP6(0.301362); LEF1(0.276359); TCF7L1(0.261645); PRKCA(0.258477); WNT5A(0.204424); PRICKLE2(0.0824865); DAAM1(-0.0151826); MAPK10(-0.0792362); PRKACB(-0.372846); MAPK8(-0.536149); NFATC2(-0.536149); PSEN1(-0.536149); WIF1(-0.536149); CHP2(-0.536149); MMP7(-0.536149); SFRP1(-1.34099); ",0.999469
"30","KEGG_NON_SMALL_CELL_LUNG_CANCER",54,12,0.533518,0.296837,1,"MAPK1(2.84305); PIK3R3(1.73453); RASSF5(1.31583); STK4(0.704034); FHIT(0.616061); PRKCA(0.258477); RARB(0.141462); RXRG(0.0914424); AKT3(0.0757193); PLCG2(-0.533731); PLCG1(-0.536149); RXRB(-0.536149); ",0.999469
"31","KEGG_REGULATION_OF_ACTIN_CYTOSKELETON",213,46,0.505969,0.306439,1,"MAPK1(2.84305); SCIN(2.0382); FGF5(1.83715); PIKFYVE(1.81484); PIK3R3(1.73453); CFL2(1.36071); FGF12(1.26237); PDGFRB(1.23293); IQGAP2(1.1962); DOCK1(1.18691); MYH10(1.12358); ITGAE(1.09289); ARHGEF7(1.09287); FGF2(1.0288); ITGA1(1.0256); PFN1(0.993126); FGF18(0.974695); ITGAM(0.957224); RDX(0.949); PAK2(0.92894); FGF1(0.92817); ROCK1(0.675705); PIP5K1A(0.522952); PDGFD(0.336195); FGD3(0.307934); ARHGEF4(0.164761); ITGA8(0.00762516); ITGA4(-0.0580308); PIP5K1B(-0.0909258); ITGA9(-0.125002); MYH9(-0.159499); ITGB2(-0.228711); FGF10(-0.238913); ITGB3(-0.258002); ITGB8(-0.298881); CHRM5(-0.536149); VAV3(-0.536149); ITGAX(-0.536149); PIP4K2C(-0.536149); PTK2(-0.536149); ARPC5(-0.536149); VAV2(-1.34099); ITGB5(-1.81042); CHRM3(-1.98692); ",0.999469
"32","KEGG_NATURAL_KILLER_CELL_MEDIATED_CYTOTOXICITY",137,31,0.502301,0.307728,1,"MAPK1(2.84305); KLRD1(1.79172); PIK3R3(1.73453); TNFRSF10B(1.70116); GZMB(1.45989); PPP3CA(1.41829); ZAP70(1.40389); LCK(1.11161); NCR1(1.04041); IFNA21(1.00014); ULBP2(0.981198); RAET1G(0.981198); PRKCA(0.258477); CD244(0.203124); PTK2B(0.192895); SYK(-0.0988456); HLA-C(-0.16713); SH2D1B(-0.167713); FYN(-0.21397); MICB(-0.308778); PLCG2(-0.533731); VAV3(-0.536149); NFATC2(-0.536149); PLCG1(-0.536149); CHP2(-0.536149); KLRK1(-0.536149); HLA-A(-1.34099); ",0.999469
"33","KEGG_COLORECTAL_CANCER",62,14,0.45942,0.322966,1,"MAPK1(2.84305); PIK3R3(1.73453); TCF7L2(1.03721); SMAD3(1.00454); MSH3(0.902183); LEF1(0.276359); TCF7L1(0.261645); BCL2(0.248289); AKT3(0.0757193); TGFBR1(-0.0669302); MAPK10(-0.0792362); TGFBR2(-0.32303); MAPK8(-0.536149); MSH6(-0.536149); ",0.999469
"34","KEGG_GAP_JUNCTION",90,33,0.409657,0.341029,1,"MAPK1(2.84305); GNA11(2.77875); HTR2B(2.05482); PRKG2(1.44592); HTR2A(1.31845); PDGFRB(1.23293); MAP2K5(1.1215); PRKG1(1.09225); ADCY6(1.03171); GRM1(0.97659); TJP1(0.769647); PLCB1(0.65064); ADCY3(0.584659); ADCY5(0.342111); PRKCA(0.258477); ADCY8(0.19371); DRD2(-0.00394611); ITPR3(-0.0382071); TUBB(-0.110839); GNAI3(-0.132864); CDK1(-0.160824); ITPR2(-0.243275); ADCY2(-0.285421); PRKACB(-0.372846); GRM5(-0.392788); MAP3K2(-0.536149); GJA1(-0.536149); TUBAL3(-0.536149); LPAR1(-0.536149); ITPR1(-1.34099); ",0.999469
"35","KEGG_FC_GAMMA_R_MEDIATED_PHAGOCYTOSIS",96,28,0.398409,0.345164,1,"SCIN(2.0382); PIKFYVE(1.81484); PIK3R3(1.73453); PRKCE(1.47869); CFL2(1.36071); SPHK1(1.15739); INPP5D(1.15673); PLA2G4A(1.02862); MARCKS(0.953674); MYO10(0.830267); DOCK2(0.815601); ASAP1(0.327401); PRKCA(0.258477); DNM3(0.233974); AKT3(0.0757193); PIP5K1B(-0.0909258); SYK(-0.0988456); PLD1(-0.150499); PLCG2(-0.533731); VAV3(-0.536149); PLA2G4D(-0.536149); PLCG1(-0.536149); ARPC5(-0.536149); VAV2(-1.34099); ",0.999469
"36","KEGG_ALZHEIMERS_DISEASE",165,32,0.35603,0.360909,1,"MAPK1(2.84305); ATP2A1(1.8039); NDUFS7(1.7804); NDUFA4(1.75948); TNFRSF1A(1.62249); BACE2(1.49665); PPP3CA(1.41829); NDUFA8(1.21361); PSEN2(1.05392); GRIN2D(0.924081); PLCB1(0.65064); MME(0.459567); CACNA1S(0.435366); NOS1(0.407011); MAPT(0.388615); PSENEN(0.206728); COX5B(0.202908); CACNA1C(0.147694); CACNA1D(0.125551); NDUFA9(0.0432912); SDHA(0.00825404); ITPR3(-0.0382071); CASP7(-0.0796751); ITPR2(-0.243275); RYR3(-0.244526); LRP1(-0.342318); ADAM17(-0.504684); PSEN1(-0.536149); COX7A2(-0.536149); LPL(-0.536149); CHP2(-0.536149); ITPR1(-1.34099); ",0.999469
"37","KEGG_APOPTOSIS",87,19,0.355093,0.36126,1,"TNFRSF10B(1.70116); TNFRSF1A(1.62249); PPP3CA(1.41829); NFKBIA(1.14981); PRKAR1A(1.07466); ENDOD1(0.954417); NGF(0.901612); IRAK3(0.459512); IRAK4(0.453262); AKT3(0.0757193); CASP7(-0.0796751); PRKACB(-0.372846); PRKAR2B(-0.536149); CHUK(-0.536149); IL1RAP(-1.34099); ",0.999469
"38","KEGG_HUNTINGTONS_DISEASE",180,21,0.262853,0.396332,1,"NDUFS7(1.7804); NDUFA4(1.75948); DCTN1(1.47164); TBPL2(1.37926); POLR2E(1.33437); NDUFA8(1.21361); DNAL4(1.16384); CREB3L3(1.0778); DNAH2(1.02757); PLCB1(0.65064); COX5B(0.202908); SDHA(0.00825404); DNAH3(-0.235866); RCOR1(-0.382745); GRM5(-0.392788); CREB5(-0.536149); COX7A2(-0.536149); ITPR1(-1.34099); BDNF(-1.34099); ",0.999469
"39","KEGG_PHOSPHATIDYLINOSITOL_SIGNALING_SYSTEM",76,22,0.243248,0.403907,1,"PIKFYVE(1.81484); PIK3R3(1.73453); DGKH(1.41677); PIK3C2G(1.2464); PIK3C2B(1.23223); INPP5D(1.15673); PI4KB(1.15376); DGKB(0.73107); PLCB1(0.65064); PIP5K1A(0.522952); PRKCA(0.258477); INPP1(0.0797663); ITPR3(-0.0382071); ITPR2(-0.243275); PLCG2(-0.533731); PLCG1(-0.536149); PIP4K2C(-0.536149); ITPK1(-0.536149); ITPR1(-1.34099); ",0.999469
"40","KEGG_HEMATOPOIETIC_CELL_LINEAGE",87,27,0.190981,0.42427,1,"IL7R(1.43481); ITGA3(1.26372); CSF1R(1.23293); IL4R(1.05211); ITGA1(1.0256); CD59(1.01236); CR2(0.966219); CSF3R(0.964701); ITGAM(0.957224); CD1D(0.916571); CD44(0.840555); GP1BA(0.816623); MME(0.459567); IL2RA(0.352361); MS4A1(0.310351); HLA-DRB1(0.305171); CD36(0.284305); CD8A(0.153278); IL4(0.115285); CSF1(-0.0407865); ITGA4(-0.0580308); CD55(-0.18447); HLA-DRA(-0.23441); ITGB3(-0.258002); KIT(-0.536149); TFRC(-0.536149); IL1R2(-1.34099); ",0.999469
"41","KEGG_TASTE_TRANSDUCTION",52,13,0.165445,0.434297,1,"SCNN1A(1.62249); TAS1R2(1.34204); TAS2R16(1.30145); ADCY6(1.03171); GNAT3(0.919127); ADCY8(0.19371); TAS1R1(0.176021); ASIC2(0.0296517); ITPR3(-0.0382071); PDE1A(-0.107443); TAS2R41(-0.27279); CACNA1B(-0.297635); PRKACB(-0.372846); ",0.999469
"42","KEGG_CELL_CYCLE",124,19,0.0983639,0.460822,1,"CDC26(1.21277); BUB1(1.20877); YWHAZ(1.10904); CCND2(1.10245); RBL1(1.04043); SMAD3(1.00454); CDKN1A(0.982532); ORC5(0.925789); MAD1L1(0.787455); WEE2(0.529376); CDC27(0.523051); TFDP2(0.327621); PTTG2(0.311475); CDK1(-0.160824); PTTG1(-0.243104); ORC4(-0.536149); ORC3(-0.536149); CCNE1(-0.536149); ANAPC4(-1.34099); ",0.999469
"43","KEGG_UBIQUITIN_MEDIATED_PROTEOLYSIS",134,20,0.0964616,0.461577,1,"RHOBTB2(1.70116); UBE2H(1.48694); HERC2(1.40418); CDC26(1.21277); UBE2S(1.19822); TRIP12(1.16514); UBE2O(1.15739); NEDD4(0.916658); UBE3B(0.912061); SMURF1(0.903416); UBR5(0.789822); CDC27(0.523051); FBXW7(-0.125421); CUL3(-0.44503); UBE2C(-0.536149); UBE2E2(-0.536149); ANAPC4(-1.34099); DET1(-1.34099); PML(-1.34099); ",0.999469
"44","KEGG_AXON_GUIDANCE",129,36,0.0869874,0.465341,1,"MAPK1(2.84305); EPHA4(2.35387); PPP3CA(1.41829); UNC5D(1.38056); CFL2(1.36071); SEMA3A(1.2667); EPHA5(1.07948); NFAT5(1.06597); PAK2(0.92894); UNC5B(0.926813); EFNB2(0.907975); LRRC4C(0.74199); ROCK1(0.675705); PLXNA2(0.648304); SEMA4B(0.569888); SEMA5A(0.494761); ROBO2(0.306039); ABLIM1(0.153628); SEMA3C(0.131393); EPHB2(0.119537); EFNA5(0.0200639); PLXNC1(0.0197874); SLIT3(-0.124014); GNAI3(-0.132864); NTNG1(-0.173254); FYN(-0.21397); SRGAP3(-0.230797); EPHB1(-0.311436); NRP1(-0.425755); EPHA7(-0.451441); ROBO1(-0.461466); UNC5C(-0.496984); NFATC2(-0.536149); PTK2(-0.536149); NTN1(-1.34099); ",0.999469
"45","KEGG_PATHWAYS_IN_CANCER",325,82,0.0203981,0.491863,1,"MAPK1(2.84305); FGF5(1.83715); PIK3R3(1.73453); FH(1.73342); RALBP1(1.65781); WNT9B(1.59894); RET(1.52762); NKX3-1(1.49083); EPAS1(1.45958); RASSF5(1.31583); KLK3(1.30809); IKBKB(1.26728); FGF12(1.26237); PDGFRB(1.23293); CSF1R(1.23293); CTNNA2(1.16269); NFKBIA(1.14981); TCF7L2(1.03721); FGF2(1.0288); SMAD3(1.00454); LAMB3(1.00142); CDKN1A(0.982532); CSF3R(0.964701); JAK1(0.947832); FZD8(0.908451); MSH3(0.902183); COL4A1(0.864354); IGF1(0.756258); MECOM(0.752063); STK4(0.704034); LAMC2(0.435791); ARNT2(0.431171); PPARD(0.399695); GLI2(0.285699); LAMA2(0.26647); TCF7L1(0.261645); PRKCA(0.258477); BCL2(0.248289); WNT5A(0.204424); RARB(0.141462); FGF14(0.136329); DAPK1(0.126668); RXRG(0.0914424); AKT3(0.0757193); TRAF3(0.0681859); EGLN2(0.0384575); TGFBR1(-0.0669302); HSP90AA1(-0.0676828); CTNNA3(-0.076907); PLD1(-0.150499); ZBTB16(-0.158613); PTCH1(-0.188293); FGF10(-0.238913); HSP90AB1(-0.297586); TGFBR2(-0.32303); GLI3(-0.436299); PLCG2(-0.533731); MAPK8(-0.536149); RXRB(-0.536149); CCNE1(-0.536149); SLC2A1(-0.536149); CHUK(-0.536149); KIT(-0.536149); PLCG1(-0.536149); STAT5B(-0.536149); PTGS2(-0.536149); PTK2(-0.536149); STAT5A(-0.536149); WNT7A(-0.536149); MSH6(-0.536149); STAT3(-0.536149); COL4A2(-1.34099); PML(-1.34099); ",0.999469
"46","KEGG_VEGF_SIGNALING_PATHWAY",76,16,0.0201589,0.491958,1,"MAPK1(2.84305); PIK3R3(1.73453); PLA2G2D(1.46018); SPHK1(1.15739); NFAT5(1.06597); PLA2G4A(1.02862); PRKCA(0.258477); AKT3(0.0757193); PLCG2(-0.533731); NFATC2(-0.536149); PLCG1(-0.536149); CHP2(-0.536149); PLA2G4E(-0.536149); PTGS2(-0.536149); PTK2(-0.536149); ",0.999469
"47","KEGG_CHEMOKINE_SIGNALING_PATHWAY",189,42,-0.0388266,0.515486,1,"MAPK1(2.84305); CXCR5(2.37685); CXCL13(1.70818); PARD3(1.66266); CCL20(1.61681); IKBKB(1.26728); CCL26(1.16687); NFKBIA(1.14981); PRKCZ(1.10423); ADCY6(1.03171); CCL2(0.944862); DOCK2(0.815601); ADCY3(0.584659); STAT1(0.56181); ADCY9(0.500574); CXCL16(0.371885); ADCY5(0.342111); CCL25(0.322422); GNG2(0.238815); ADCY8(0.19371); GNG4(0.119073); CCL24(0.0866713); AKT3(0.0757193); ELMO1(-0.141821); ADCY2(-0.285421); CXCL1(-0.309114); PF4V1(-0.328221); PRKACB(-0.372846); VAV3(-0.536149); GRK5(-0.536149); CXCL2(-0.536149); CHUK(-0.536149); PTK2(-0.536149); STAT3(-0.536149); GNB5(-1.34099); VAV2(-1.34099); ",0.999469
"48","KEGG_NOD_LIKE_RECEPTOR_SIGNALING_PATHWAY",62,16,-0.0399708,0.515942,1,"MAPK1(2.84305); PYCARD(1.46579); IKBKB(1.26728); NFKBIA(1.14981); NLRP3(1.14934); CCL2(0.944862); TNFAIP3(0.608368); HSP90AA1(-0.0676828); MAPK10(-0.0792362); HSP90AB1(-0.297586); CXCL1(-0.309114); NOD2(-0.466324); MAPK8(-0.536149); CHUK(-0.536149); CXCL2(-0.536149); PSTPIP1(-0.536149); ",0.999469
"49","KEGG_ARACHIDONIC_ACID_METABOLISM",58,11,-0.0421593,0.516814,1,"PLA2G2D(1.46018); AKR1C3(1.149); PLA2G4A(1.02862); CBR3(1.01365); GPX4(0.864946); ALOX12(0.353501); CYP4F3(0.108952); GGT6(-0.371945); CYP2E1(-0.390405); PLA2G4E(-0.536149); PTGS2(-0.536149); ",0.999469
"50","KEGG_GNRH_SIGNALING_PATHWAY",101,30,-0.105885,0.542163,1,"MAPK1(2.84305); GNA11(2.77875); GNRH1(1.57357); PLA2G2D(1.46018); CGA(1.30807); ADCY6(1.03171); PLA2G4A(1.02862); HBEGF(0.893513); PLCB1(0.65064); ADCY3(0.584659); CACNA1S(0.435366); ADCY5(0.342111); PRKCA(0.258477); ADCY8(0.19371); PTK2B(0.192895); CACNA1C(0.147694); CACNA1D(0.125551); ITPR3(-0.0382071); MAPK10(-0.0792362); PLD1(-0.150499); ITPR2(-0.243275); ADCY2(-0.285421); PRKACB(-0.372846); MAP3K3(-0.433596); MAPK8(-0.536149); MAP3K2(-0.536149); PLA2G4E(-0.536149); GNRHR(-0.536149); ITPR1(-1.34099); ",0.999469
"51","KEGG_SPLICEOSOME",127,22,-0.107119,0.542653,1,"TXNL4A(1.49649); PRPF4(1.21277); SNRNP70(1.16197); PRPF38B(1.12803); MAGOHB(1.10716); PRPF3(1.03925); SF3B2(0.983613); SRSF8(0.954417); PPIE(0.912242); LSM3(0.655177); SNRPB2(0.432102); DHX16(0.40969); USP39(0.0436939); SNRPA(-0.182585); DDX39B(-0.215688); SLU7(-0.243104); SRSF3(-0.299113); DDX42(-0.346779); SRSF6(-0.536149); HSPA8(-0.536149); CWC15(-0.536149); PRPF40A(-0.536149); ",0.999469
"52","KEGG_BASAL_CELL_CARCINOMA",55,10,-0.17617,0.56992,1,"WNT9B(1.59894); TCF7L2(1.03721); FZD8(0.908451); GLI2(0.285699); LEF1(0.276359); TCF7L1(0.261645); WNT5A(0.204424); PTCH1(-0.188293); GLI3(-0.436299); WNT7A(-0.536149); ",0.999469
"53","KEGG_RIG_I_LIKE_RECEPTOR_SIGNALING_PATHWAY",71,13,-0.187907,0.574525,1,"IKBKE(1.76746); IKBKB(1.26728); NFKBIA(1.14981); IFNW1(1.00014); IFNA21(1.00014); AZI2(0.981341); TRAF3(0.0681859); MAPK10(-0.0792362); MAPK8(-0.536149); CHUK(-0.536149); IL12A(-0.536149); ATG5(-0.536149); TBKBP1(-0.536149); ",0.999469
"54","KEGG_PROGESTERONE_MEDIATED_OOCYTE_MATURATION",85,23,-0.234385,0.592657,1,"MAPK1(2.84305); PIK3R3(1.73453); CDC26(1.21277); BUB1(1.20877); ADCY6(1.03171); IGF1(0.756258); PDE3A(0.653735); ADCY3(0.584659); CDC27(0.523051); ADCY9(0.500574); ADCY5(0.342111); ADCY8(0.19371); AKT3(0.0757193); HSP90AA1(-0.0676828); MAPK10(-0.0792362); GNAI3(-0.132864); CDK1(-0.160824); ADCY2(-0.285421); HSP90AB1(-0.297586); PRKACB(-0.372846); RPS6KA2(-0.4082); MAPK8(-0.536149); ANAPC4(-1.34099); ",0.999469
"55","KEGG_FC_EPSILON_RI_SIGNALING_PATHWAY",79,20,-0.279413,0.610036,1,"MAPK1(2.84305); PIK3R3(1.73453); PRKCE(1.47869); PLA2G2D(1.46018); INPP5D(1.15673); PLA2G4A(1.02862); PRKCA(0.258477); IL4(0.115285); IL13(0.115285); AKT3(0.0757193); GAB2(-0.0394333); MAPK10(-0.0792362); SYK(-0.0988456); FYN(-0.21397); PLCG2(-0.533731); VAV3(-0.536149); PLCG1(-0.536149); PLA2G4E(-0.536149); VAV2(-1.34099); ",0.999469
"56","KEGG_VASCULAR_SMOOTH_MUSCLE_CONTRACTION",115,34,-0.297522,0.616966,1,"MAPK1(2.84305); ADRA1D(1.56878); PLA2G2D(1.46018); ARHGEF11(1.22773); PRKG1(1.09225); ADCY6(1.03171); PLA2G4A(1.02862); ROCK1(0.675705); PLCB1(0.65064); ADCY3(0.584659); ADCY5(0.342111); PRKCA(0.258477); AGTR1(0.236632); KCNMB4(0.220938); MRVI1(0.218645); ADCY8(0.19371); CACNA1C(0.147694); ADORA2B(0.147607); CACNA1D(0.125551); NPR1(0.117638); ITPR3(-0.0382071); KCNMA1(-0.104019); MYH11(-0.142803); ITPR2(-0.243275); ADCY2(-0.285421); CALCRL(-0.299211); PRKACB(-0.372846); EDNRA(-0.536149); PLA2G4E(-0.536149); ITPR1(-1.34099); ",0.999469
"57","KEGG_OXIDATIVE_PHOSPHORYLATION",131,14,-0.310476,0.6219,1,"NDUFS7(1.7804); NDUFA4(1.75948); NDUFA8(1.21361); LHPP(1.15731); ATP6V0E2(0.928746); NDUFA9(0.0432912); SDHA(0.00825404); ATP6V1G2(-0.183553); COX7A2(-0.536149); ATP6V0A4(-0.536149); ATP12A(-0.536149); ATP6V1D(-1.34099); ",0.999469
"58","KEGG_OOCYTE_MEIOSIS",112,28,-0.341635,0.633687,1,"MAPK1(2.84305); PPP2R5C(2.08903); PPP3CA(1.41829); CDC26(1.21277); PPP2R1B(1.12607); YWHAZ(1.10904); FBXO5(1.01244); IGF1(0.756258); ADCY3(0.584659); CDC27(0.523051); ADCY9(0.500574); PTTG2(0.311475); ADCY8(0.19371); ITPR3(-0.0382071); CDK1(-0.160824); PTTG1(-0.243104); ITPR2(-0.243275); PRKACB(-0.372846); RPS6KA2(-0.4082); CHP2(-0.536149); CCNE1(-0.536149); SLK(-0.547162); ITPR1(-1.34099); ANAPC4(-1.34099); ",0.999469
"59","KEGG_ADHERENS_JUNCTION",73,20,-0.362302,0.641437,1,"MAPK1(2.84305); PARD3(1.66266); PTPRF(1.19228); CTNNA2(1.16269); SMAD3(1.00454); TJP1(0.769647); CDH1(0.573101); CSNK2B(0.537363); TCF7L1(0.261645); FARP2(0.119312); TGFBR1(-0.0669302); CTNNA3(-0.076907); FYN(-0.21397); CSNK2A1(-0.260673); TGFBR2(-0.32303); PTPRJ(-0.332458); SORBS1(-1.34099); PTPRM(-1.81042); ",0.999469
"60","KEGG_TIGHT_JUNCTION",132,33,-0.36297,0.641686,1,"PARD3(1.66266); CLDN8(1.49101); MYH3(1.39228); CTNNA2(1.16269); PPP2R1B(1.12607); MYH10(1.12358); PRKCZ(1.10423); MAGI1(1.02541); EPB41L2(0.995248); PPP2R2A(0.983223); EXOC4(0.919503); TJP1(0.769647); PPP2R2C(0.678641); PPP2R2B(0.607994); CSNK2B(0.537363); PARD6G(0.333937); PRKCA(0.258477); SPTAN1(-0.017886); CTNNA3(-0.076907); GNAI3(-0.132864); MYH11(-0.142803); MYH9(-0.159499); JAM3(-0.25074); CSNK2A1(-0.260673); EPB41(-0.536149); MYH6(-0.536149); TJP3(-0.536149); MAGI2(-1.81042); MPP5(-2.09404); ",0.999469
"61","KEGG_INOSITOL_PHOSPHATE_METABOLISM",54,14,-0.37015,0.644365,1,"PIKFYVE(1.81484); PIK3C2G(1.2464); PIK3C2B(1.23223); PI4KB(1.15376); PLCB1(0.65064); PIP5K1A(0.522952); INPP1(0.0797663); PIP5K1B(-0.0909258); PLCG2(-0.533731); PLCG1(-0.536149); PLCE1(-0.536149); PIP4K2C(-0.536149); ITPK1(-0.536149); ",0.999469
"62","KEGG_NEUROACTIVE_LIGAND_RECEPTOR_INTERACTION",272,76,-0.389216,0.651442,1,"HTR2B(2.05482); CALCR(1.97696); LTB4R(1.91011); PARD3(1.66266); ADRA1D(1.56878); GABRG3(1.49913); GHR(1.44553); HTR2A(1.31845); CGA(1.30807); NPY2R(1.20516); GRID2(1.20071); F2RL2(1.1962); GRIK3(1.1767); MCHR1(1.16498); HTR1B(1.15871); CHRNB2(1.09569); NTSR2(1.01373); GABRA5(1.01255); ADCYAP1R1(1.00941); CHRNE(1.00065); MC5R(1.00031); GRM1(0.97659); GRIK1(0.976402); P2RX6(0.945421); HTR7(0.941068); GRIN2D(0.924081); GHSR(0.913473); GABBR2(0.751435); PTH2R(0.469354); CRHR1(0.464616); MC2R(0.381787); GABRB1(0.331479); CHRNA2(0.328378); APLNR(0.266265); PRLR(0.244988); PTGER4(0.239187); AGTR1(0.236632); HCRTR2(0.182501); CHRNA1(0.156042); ADORA2B(0.147607); RXFP2(0.133853); DRD2(-0.00394611); GRM7(-0.072443); THRB(-0.0862048); GRIK2(-0.173374); GRID1(-0.220613); HTR4(-0.269296); ADORA3(-0.283526); CALCRL(-0.299211); GLP2R(-0.332947); FSHR(-0.363276); GRM5(-0.392788); GRIA4(-0.399814); HRH1(-0.460327); CHRM5(-0.536149); EDNRA(-0.536149); MAS1(-0.536149); NMUR2(-0.536149); PRSS3(-0.536149); P2RX7(-0.536149); TACR2(-0.536149); PTGER3(-0.536149); PTGFR(-0.536149); NR3C1(-1.34099); GABBR1(-1.34099); GABRB2(-1.81042); CHRM3(-1.98692); ",0.999469
"63","KEGG_INSULIN_SIGNALING_PATHWAY",137,19,-0.4065,0.657813,1,"MAPK1(2.84305); PIK3R3(1.73453); IKBKB(1.26728); PTPRF(1.19228); INPP5D(1.15673); PRKCZ(1.10423); PRKAR1A(1.07466); PDE3A(0.653735); SOCS2(0.181675); AKT3(0.0757193); MAPK10(-0.0792362); FLOT1(-0.110839); PRKACB(-0.372846); MAPK8(-0.536149); ACACB(-0.536149); PRKAG2(-0.536149); PRKAR2B(-0.536149); HK1(-1.34099); SORBS1(-1.34099); ",0.999469
"64","KEGG_T_CELL_RECEPTOR_SIGNALING_PATHWAY",108,23,-0.446117,0.672244,1,"MAPK1(2.84305); PIK3R3(1.73453); PPP3CA(1.41829); ZAP70(1.40389); IKBKB(1.26728); NFKBIA(1.14981); LCK(1.11161); NFAT5(1.06597); PAK2(0.92894); NFKBIE(0.171839); CD8A(0.153278); IL4(0.115285); AKT3(0.0757193); CD28(-0.186095); FYN(-0.21397); VAV3(-0.536149); CHUK(-0.536149); NFATC2(-0.536149); PLCG1(-0.536149); CHP2(-0.536149); CARD11(-0.536149); VAV2(-1.34099); BCL10(-1.34099); ",0.999469
"65","KEGG_FOCAL_ADHESION",199,48,-0.478091,0.683707,1,"MAPK1(2.84305); IBSP(2.23924); COL1A2(1.71533); CAV2(1.67129); PDGFRB(1.23293); DOCK1(1.18691); CCND2(1.10245); ITGA1(1.0256); COL6A6(0.990004); PAK2(0.92894); COL4A1(0.864354); THBS4(0.806231); IGF1(0.756258); FLT4(0.707189); ROCK1(0.675705); CAV1(0.585059); LAMC2(0.435791); PDGFD(0.336195); LAMA2(0.26647); PRKCA(0.258477); PARVA(0.251777); BCL2(0.248289); TNR(0.247061); CHAD(0.219188); TNC(0.182584); AKT3(0.0757193); ITGA8(0.00762516); ITGA4(-0.0580308); MAPK10(-0.0792362); ITGA9(-0.125002); TLN2(-0.163556); FYN(-0.21397); PARVB(-0.247019); ITGB3(-0.258002); ITGB8(-0.298881); VAV3(-0.536149); FLNC(-0.536149); PTK2(-0.536149); TNN(-0.603315); VAV2(-1.34099); COL4A2(-1.34099); COL11A2(-1.81042); ",0.999469
"66","KEGG_GLYCEROPHOSPHOLIPID_METABOLISM",77,13,-0.516771,0.697342,1,"PLA2G2D(1.46018); DGKH(1.41677); PLA2G4A(1.02862); LPCAT4(0.926307); GPD1L(0.913129); GPAM(0.151626); PLD1(-0.150499); CHKB(-0.489805); PLA2G4E(-0.536149); LPCAT1(-0.536149); LCLAT1(-1.34099); ",0.999469
"67","KEGG_AMYOTROPHIC_LATERAL_SCLEROSIS_ALS",53,10,-0.598909,0.725383,1,"TNFRSF1A(1.62249); PPP3CA(1.41829); GRIN2D(0.924081); NOS1(0.407011); BCL2(0.248289); SLC1A2(0.236933); GRIA1(-0.136947); CHP2(-0.536149); ALS2(-0.536149); DAXX(-1.34099); ",0.999469
"68","KEGG_NEUROTROPHIN_SIGNALING_PATHWAY",126,24,-0.648042,0.741521,1,"MAPK1(2.84305); PIK3R3(1.73453); IKBKB(1.26728); NFKBIA(1.14981); MAP2K5(1.1215); NGF(0.901612); IRAK3(0.459512); IRAK4(0.453262); BCL2(0.248289); NFKBIE(0.171839); KIDINS220(0.117005); NTRK3(0.0379555); NTRK2(-0.0396706); ZNF274(-0.0518247); MAPK10(-0.0792362); RPS6KA2(-0.4082); MAP3K3(-0.433596); PLCG2(-0.533731); MAPK8(-0.536149); PSEN1(-0.536149); PLCG1(-0.536149); BDNF(-1.34099); ",0.999469
"69","KEGG_ACUTE_MYELOID_LEUKEMIA",57,15,-0.654256,0.743526,1,"MAPK1(2.84305); PIK3R3(1.73453); IKBKB(1.26728); TCF7L2(1.03721); PPARD(0.399695); LEF1(0.276359); TCF7L1(0.261645); AKT3(0.0757193); ZBTB16(-0.158613); STAT5A(-0.536149); STAT5B(-0.536149); KIT(-0.536149); STAT3(-0.536149); CHUK(-0.536149); PML(-1.34099); ",0.999469
"70","KEGG_LONG_TERM_POTENTIATION",70,16,-0.68174,0.752298,1,"MAPK1(2.84305); PPP3CA(1.41829); GRM1(0.97659); GRIN2D(0.924081); PLCB1(0.65064); PRKCA(0.258477); ADCY8(0.19371); CACNA1C(0.147694); ITPR3(-0.0382071); GRIA1(-0.136947); ITPR2(-0.243275); PRKACB(-0.372846); GRM5(-0.392788); RPS6KA2(-0.4082); CHP2(-0.536149); ITPR1(-1.34099); ",0.999469
"71","KEGG_GLYCEROLIPID_METABOLISM",49,13,-0.713193,0.762137,1,"DGKH(1.41677); ALDH1B1(1.06739); PNLIPRP1(1.01052); PNLIPRP2(1.01052); DGAT1(0.749136); DGKB(0.73107); MGLL(0.222322); GPAM(0.151626); LPL(-0.536149); AGPAT4(-0.536149); LCLAT1(-1.34099); AGK(-1.34099); ",0.999469
"72","KEGG_SMALL_CELL_LUNG_CANCER",84,21,-0.714833,0.762644,1,"PIK3R3(1.73453); IKBKB(1.26728); ITGA3(1.26372); NFKBIA(1.14981); LAMB3(1.00142); COL4A1(0.864354); FHIT(0.616061); LAMC2(0.435791); LAMA2(0.26647); BCL2(0.248289); LAMA4(0.224602); RARB(0.141462); RXRG(0.0914424); AKT3(0.0757193); TRAF3(0.0681859); CCNE1(-0.536149); CHUK(-0.536149); RXRB(-0.536149); PTGS2(-0.536149); PTK2(-0.536149); COL4A2(-1.34099); ",0.999469
"73","KEGG_MAPK_SIGNALING_PATHWAY",267,65,-0.77671,0.781335,1,"MAPK1(2.84305); MAP4K1(2.10901); FGF5(1.83715); DUSP10(1.68207); TNFRSF1A(1.62249); PPP3CA(1.41829); FGF12(1.26237); PDGFRB(1.23293); DUSP7(1.18483); MAP2K5(1.1215); FGF2(1.0288); PLA2G4A(1.02862); FGF18(0.974695); MAP4K4(0.964305); MAPK8IP2(0.960967); CACNG1(0.938683); CACNG4(0.938682); PAK2(0.92894); FGF1(0.92817); DUSP4(0.901993); NGF(0.901612); MECOM(0.752063); STK4(0.704034); CACNA1S(0.435366); MAPT(0.388615); RASGRF2(0.271734); PRKCA(0.258477); PTPN5(0.241193); CACNB2(0.190356); CACNA1C(0.147694); FGF14(0.136329); CACNA1D(0.125551); DUSP16(0.114503); AKT3(0.0757193); NTRK2(-0.0396706); FGF10(-0.238913); STK3(-0.261448); CACNA1B(-0.297635); TGFBR2(-0.32303); PRKACB(-0.372846); CACNA2D3(-0.382295); RPS6KA2(-0.4082); MAP3K3(-0.433596); CACNA1E(-0.536149); RAPGEF2(-0.536149); MAPK8(-0.536149); NFATC2(-0.536149); MAPK8IP3(-0.536149); MAP3K2(-0.536149); CACNG5(-0.536149); HSPA8(-0.536149); CHP2(-0.536149); PLA2G4E(-0.536149); DUSP6(-0.536149); RASGRP3(-0.536149); FLNC(-0.536149); DAXX(-1.34099); CACNA2D1(-1.98692); ",0.999469
"74","KEGG_LYSOSOME",121,18,-0.863266,0.806004,1,"CLN5(1.286); LGMN(1.09043); ARSG(1.07741); CD68(0.672766); CTSA(0.414214); AP3M2(0.300501); SCARB2(0.112294); SLC11A2(0.109423); AP3S2(0.0890162); ARSB(0.0502233); DNASE2B(-0.0114089); PSAP(-0.536149); NEU1(-0.536149); ATP6V0A4(-0.536149); NAGPA(-0.536149); ",0.999469
"75","KEGG_HEDGEHOG_SIGNALING_PATHWAY",56,11,-0.878643,0.810203,1,"WNT9B(1.59894); CSNK1A1(1.03322); BMP6(0.429211); GLI2(0.285699); WNT5A(0.204424); CSNK1G2(0.114843); PTCH1(-0.188293); LRP2(-0.281784); PRKACB(-0.372846); GLI3(-0.436299); WNT7A(-0.536149); ",0.999469
"76","KEGG_LEISHMANIA_INFECTION",72,19,-0.898193,0.815459,1,"MAPK1(2.84305); C3(1.20741); ITGAM(0.957224); JAK1(0.947832); STAT1(0.56181); IRAK4(0.453262); HLA-DPA1(0.311187); HLA-DRB1(0.305171); HLA-DOB(0.258814); IL4(0.115285); ITGA4(-0.0580308); HLA-DPB1(-0.158238); ITGB2(-0.228711); HLA-DRA(-0.23441); IL12A(-0.536149); PTGS2(-0.536149); HLA-DQB1(-0.576009); HLA-DQA2(-1.81042); ",0.999469
"77","KEGG_PYRIMIDINE_METABOLISM",98,17,-0.901842,0.81643,1,"POLR2E(1.33437); POLR3A(1.29258); DPYS(1.18674); TXNRD2(0.993538); POLR1D(0.683098); RRM1(0.541275); UMPS(0.365107); NT5C(0.197663); UPP2(0.0260829); ENTPD1(-0.187799); ZNRD1(-0.536149); ENTPD5(-0.536149); ENTPD6(-0.536149); POLR3F(-0.536149); NME3(-0.536149); DHODH(-0.536149); ",0.999469
"78","KEGG_SNARE_INTERACTIONS_IN_VESICULAR_TRANSPORT",38,10,-0.902075,0.816491,1,"STX6(1.20719); VAMP8(0.987378); VAMP5(0.987378); STX8(0.950234); VTI1A(-0.266021); SNAP47(-0.30455); STX18(-0.438857); STX5(-0.536149); VAMP4(-0.536149); GOSR2(-0.536149); ",0.999469
"79","KEGG_ERBB_SIGNALING_PATHWAY",87,18,-0.947071,0.828199,1,"MAPK1(2.84305); PIK3R3(1.73453); BTC(1.23976); HBEGF(0.893513); PRKCA(0.258477); AKT3(0.0757193); ERBB4(-0.00895603); MAPK10(-0.0792362); NRG1(-0.303395); NRG3(-0.372688); PLCG2(-0.533731); PLCG1(-0.536149); MAPK8(-0.536149); STAT5B(-0.536149); STAT5A(-0.536149); PTK2(-0.536149); ",0.999469
"80","KEGG_AMINO_SUGAR_AND_NUCLEOTIDE_SUGAR_METABOLISM",44,11,-0.964514,0.832606,1,"NPL(1.31674); HEXB(1.28515); PGM3(0.693691); PMM2(0.420238); GMDS(0.40969); CHIT1(0.350485); GNE(0.0460936); CHIA(-0.493262); UXS1(-0.536149); PGM2(-0.536149); HK1(-1.34099); ",0.999469
"81","KEGG_PURINE_METABOLISM",159,45,-0.981127,0.836735,1,"ENTPD2(1.87868); AK1(1.63386); POLR2E(1.33437); PDE11A(1.21213); PDE6C(1.21137); ADCY6(1.03171); PRPS1L1(1.02847); AMPD3(0.964197); ADA(0.914657); PDE8B(0.87203); PDE4B(0.703195); POLR1D(0.683098); AK5(0.664593); PDE3A(0.653735); FHIT(0.616061); ADCY3(0.584659); NUDT5(0.555893); RRM1(0.541275); ADCY9(0.500574); NT5C(0.197663); AK4(0.170117); PDE10A(0.142806); NPR1(0.117638); PDE1A(-0.107443); ENTPD1(-0.187799); ADCY2(-0.285421); PDE4D(-0.340024); PDE1C(-0.481778); ZNRD1(-0.536149); PFAS(-0.536149); ENTPD5(-0.536149); ENTPD6(-0.536149); PAPSS2(-0.536149); AK7(-0.536149); PDE2A(-0.536149); NME3(-0.536149); AMPD2(-0.536149); AMPD1(-0.536149); PNPT1(-0.536149); XDH(-0.536149); ",0.999469
"82","KEGG_PPAR_SIGNALING_PATHWAY",69,17,-1.00981,0.843706,1,"APOA1(1.83591); PLTP(1.20332); ANGPTL4(1.18528); ACADL(1.08529); ME1(1.01478); PPARD(0.399695); CD36(0.284305); OLR1(0.270473); RXRG(0.0914424); CPT1B(-0.489805); RXRB(-0.536149); LPL(-0.536149); SLC27A6(-0.536149); FABP6(-0.536149); ACAA1(-0.536149); SORBS1(-1.34099); ",0.999469
"83","KEGG_PEROXISOME",78,10,-1.105,0.865421,1,"ABCD3(1.35078); PECR(1.07316); ACOT8(0.467674); IDH2(0.413913); ECI2(0.359029); PEX12(-0.536149); FAR1(-0.536149); ACAA1(-0.536149); AMACR(-0.536149); XDH(-0.536149); ",0.999469
"84","KEGG_ARGININE_AND_PROLINE_METABOLISM",54,11,-1.13375,0.871551,1,"ALDH18A1(1.22773); ALDH1B1(1.06739); SAT2(0.413317); NOS1(0.407011); CKB(0.390931); ALDH7A1(-0.0439609); GLS(-0.27236); GOT1(-0.404275); GLUL(-0.536149); P4HA2(-1.34099); ",0.999469
"85","KEGG_B_CELL_RECEPTOR_SIGNALING_PATHWAY",75,22,-1.15327,0.875599,1,"MAPK1(2.84305); PPP3CA(1.41829); IKBKB(1.26728); INPP5D(1.15673); BLNK(0.972985); CR2(0.966219); PIK3AP1(0.760237); AKT3(0.0757193); SYK(-0.0988456); PLCG2(-0.533731); NFATC2(-0.536149); VAV3(-0.536149); CHP2(-0.536149); RASGRP3(-0.536149); CARD11(-0.536149); CHUK(-0.536149); BCL10(-1.34099); VAV2(-1.34099); ",0.999469
"86","KEGG_LEUKOCYTE_TRANSENDOTHELIAL_MIGRATION",116,21,-1.4587,0.927677,1,"PIK3R3(1.73453); CLDN8(1.49101); RASSF5(1.31583); CTNNA2(1.16269); PRKCA(0.258477); RAPGEF4(0.255858); PTK2B(0.192895); ITGA4(-0.0580308); CTNNA3(-0.076907); GNAI3(-0.132864); ITGB2(-0.228711); JAM3(-0.25074); F11R(-0.322187); PLCG2(-0.533731); VAV3(-0.536149); PLCG1(-0.536149); PTK2(-0.536149); NOX3(-1.34099); ",0.999469
"87","KEGG_ECM_RECEPTOR_INTERACTION",84,31,-1.48976,0.931856,1,"IBSP(2.23924); COL1A2(1.71533); LAMB3(1.00142); COL6A6(0.990004); COL4A1(0.864354); CD44(0.840555); GP1BA(0.816623); THBS4(0.806231); SDC2(0.522832); LAMC2(0.435791); CD36(0.284305); LAMA2(0.26647); TNR(0.247061); LAMA4(0.224602); CHAD(0.219188); TNC(0.182584); GP6(0.142865); ITGA8(0.00762516); ITGA4(-0.0580308); ITGA9(-0.125002); ITGB8(-0.298881); SDC4(-0.349156); SV2C(-0.536149); HSPG2(-0.536149); TNN(-0.603315); COL4A2(-1.34099); COL11A2(-1.81042); ITGB5(-1.81042); ",0.999469
"88","KEGG_INTESTINAL_IMMUNE_NETWORK_FOR_IGA_PRODUCTION",48,14,-1.52201,0.935996,1,"IL15RA(1.02725); TNFRSF13B(0.725971); TNFSF13(0.672766); CCL25(0.322422); HLA-DPA1(0.311187); HLA-DRB1(0.305171); HLA-DOB(0.258814); IL4(0.115285); ITGA4(-0.0580308); HLA-DPB1(-0.158238); CD28(-0.186095); HLA-DRA(-0.23441); HLA-DQB1(-0.576009); HLA-DQA2(-1.81042); ",0.999469
"89","KEGG_VIBRIO_CHOLERAE_INFECTION",54,15,-1.56675,0.941414,1,"ATP6V0E2(0.928746); SEC61A1(0.827253); TJP1(0.769647); ADCY3(0.584659); ADCY9(0.500574); KCNQ1(0.375129); PRKCA(0.258477); SEC61A2(-0.163745); ATP6V1G2(-0.183553); PRKACB(-0.372846); PLCG2(-0.533731); PLCG1(-0.536149); ATP6V0A4(-0.536149); ATP6V1D(-1.34099); ",0.999469
"90","KEGG_CALCIUM_SIGNALING_PATHWAY",177,62,-1.59398,0.944529,1,"GNA11(2.77875); GNA15(2.77875); HTR2B(2.05482); LTB4R2(1.91011); ATP2A1(1.8039); ADRA1D(1.56878); PPP3CA(1.41829); HTR2A(1.31845); PLCD3(1.25793); PDGFRB(1.23293); SPHK1(1.15739); GRM1(0.97659); HTR6(0.9758); P2RX6(0.945421); HTR7(0.941068); HRH2(0.939659); DRD1(0.659249); PLCB1(0.65064); ADCY3(0.584659); RYR1(0.551121); ADCY9(0.500574); CACNA1S(0.435366); PRKCA(0.258477); SLC8A2(0.257807); AGTR1(0.236632); ADCY8(0.19371); PTK2B(0.192895); CACNA1C(0.147694); ADORA2B(0.147607); CACNA1D(0.125551); ERBB4(-0.00895603); ITPR3(-0.0382071); PDE1A(-0.107443); TACR3(-0.239946); ITPR2(-0.243275); RYR3(-0.244526); HTR4(-0.269296); ADCY2(-0.285421); CACNA1B(-0.297635); GRM5(-0.392788); HRH1(-0.460327); PDE1C(-0.481778); PLCG2(-0.533731); CHRM5(-0.536149); CACNA1E(-0.536149); PLCG1(-0.536149); PLCE1(-0.536149); P2RX7(-0.536149); CHP2(-0.536149); EDNRA(-0.536149); TACR2(-0.536149); PTGER3(-0.536149); PTGFR(-0.536149); GNA14(-0.611195); ITPR1(-1.34099); ATP2B2(-1.81042); SLC8A3(-1.81042); CHRM3(-1.98692); ",0.999469
"91","KEGG_ARRHYTHMOGENIC_RIGHT_VENTRICULAR_CARDIOMYOPATHY_ARVC",74,30,-1.90309,0.971486,1,"DES(1.31467); ITGA3(1.26372); CTNNA2(1.16269); DSG2(1.09707); ITGA1(1.0256); CACNG4(0.938683); CACNG1(0.938682); SGCG(0.689717); CACNA1S(0.435366); LAMA2(0.26647); TCF7L1(0.261645); CACNB2(0.190356); CACNA1C(0.147694); CACNA1D(0.125551); ITGA8(0.00762516); ITGA4(-0.0580308); CTNNA3(-0.076907); ITGA9(-0.125002); SGCB(-0.1906); ITGB3(-0.258002); ITGB8(-0.298881); CACNA2D3(-0.382295); CACNG5(-0.536149); GJA1(-0.536149); SGCD(-0.536149); RYR2(-0.536149); ITGB5(-1.81042); CACNA2D1(-1.98692); ",0.999469
"92","KEGG_SYSTEMIC_LUPUS_ERYTHEMATOSUS",138,21,-1.95929,0.974961,1,"H2AFY(1.21521); C3(1.20741); C4A(1.01259); C4B(1.01259); SSB(0.614276); HLA-DRB1(0.305171); HLA-DOB(0.258814); H3F3C(0.124266); HLA-DPB1(-0.158238); CD28(-0.186095); HLA-DRA(-0.23441); C2(-0.536149); HIST1H2BI(-0.536149); C8A(-0.536149); HIST1H3G(-0.536149); HIST1H4H(-0.536149); HLA-DQB1(-0.576009); HLA-DQA2(-1.81042); ",0.999469
"93","KEGG_EPITHELIAL_CELL_SIGNALING_IN_HELICOBACTER_PYLORI_INFECTION",68,20,-1.99905,0.977199,1,"ATP6V0B(1.63423); NFKBIA(1.14981); ATP6V0E2(0.928746); HBEGF(0.893513); TJP1(0.769647); MAPK10(-0.0792362); ATP6V1G2(-0.183553); JAM3(-0.25074); PTPRZ1(-0.254815); CXCL1(-0.309114); ADAM17(-0.504684); PLCG2(-0.533731); PLCG1(-0.536149); MAPK8(-0.536149); IGSF5(-0.536149); ATP6V0A4(-0.536149); ATP6V1D(-1.34099); ",0.999469
"94","KEGG_HYPERTROPHIC_CARDIOMYOPATHY_HCM",83,28,-2.18411,0.985523,1,"DES(1.31467); ITGA3(1.26372); ITGA1(1.0256); ACTC1(0.993704); CACNG4(0.938683); CACNG1(0.938682); IGF1(0.756258); SGCG(0.689717); CACNA1S(0.435366); LAMA2(0.26647); CACNB2(0.190356); CACNA1D(0.125551); ITGA8(0.00762516); ITGA4(-0.0580308); ITGA9(-0.125002); SGCB(-0.1906); ITGB8(-0.298881); CACNA2D3(-0.382295); CACNG5(-0.536149); RYR2(-0.536149); SGCD(-0.536149); MYH6(-0.536149); PRKAG2(-0.536149); TPM1(-0.536149); ITGB5(-1.81042); CACNA2D1(-1.98692); ",0.999469
"95","KEGG_GRAFT_VERSUS_HOST_DISEASE",41,14,-2.22611,0.986997,1,"KLRD1(1.79172); GZMB(1.45989); HLA-DPA1(0.311187); HLA-DRB1(0.305171); HLA-DOB(0.258814); HLA-G(0.226158); HLA-DPB1(-0.158238); HLA-C(-0.16713); CD28(-0.186095); HLA-DRA(-0.23441); HLA-DQB1(-0.576009); HLA-A(-1.34099); HLA-F(-1.34099); HLA-DQA2(-1.81042); ",0.999469
"96","KEGG_AUTOIMMUNE_THYROID_DISEASE",52,17,-2.25287,0.987866,1,"GZMB(1.45989); CGA(1.30807); IFNA21(1.00014); HLA-DPA1(0.311187); HLA-DRB1(0.305171); HLA-DOB(0.258814); HLA-G(0.226158); IL4(0.115285); HLA-DPB1(-0.158238); HLA-C(-0.16713); CD28(-0.186095); HLA-DRA(-0.23441); TG(-0.260471); HLA-DQB1(-0.576009); HLA-A(-1.34099); HLA-F(-1.34099); HLA-DQA2(-1.81042); ",0.999469
"97","KEGG_DILATED_CARDIOMYOPATHY",90,34,-2.27764,0.988626,1,"DES(1.31467); ITGA3(1.26372); ITGA1(1.0256); ACTC1(0.993704); CACNG4(0.938683); CACNG1(0.938682); IGF1(0.756258); SGCG(0.689717); ADCY3(0.584659); CACNA1S(0.435366); ADCY5(0.342111); LAMA2(0.26647); ADCY8(0.19371); CACNB2(0.190356); CACNA1C(0.147694); CACNA1D(0.125551); ITGA8(0.00762516); ITGA4(-0.0580308); ITGA9(-0.125002); SGCB(-0.1906); ITGB3(-0.258002); ADCY2(-0.285421); ITGB8(-0.298881); PRKACB(-0.372846); CACNA2D3(-0.382295); RYR2(-0.536149); CACNG5(-0.536149); MYH6(-0.536149); SGCD(-0.536149); TPM1(-0.536149); ITGB5(-1.81042); CACNA2D1(-1.98692); ",0.999469
"98","KEGG_TYPE_I_DIABETES_MELLITUS",43,19,-2.32776,0.990038,1,"GZMB(1.45989); GAD2(1.31729); PTPRN2(1.11672); CPE(0.94261); HLA-DPA1(0.311187); HLA-DRB1(0.305171); HLA-DOB(0.258814); HLA-G(0.226158); HLA-DPB1(-0.158238); HLA-C(-0.16713); HLA-DRA(-0.23441); ICA1(-0.424211); IL12A(-0.536149); LTA(-0.536149); HLA-DQB1(-0.576009); HLA-A(-1.34099); HLA-F(-1.34099); HLA-DQA2(-1.81042); ",0.999469
"99","KEGG_ANTIGEN_PROCESSING_AND_PRESENTATION",88,26,-2.39606,0.991714,1,"KLRD1(1.79172); CIITA(1.43602); HSPA4(1.40339); LGMN(1.09043); IFNA21(1.00014); HLA-DPA1(0.311187); HLA-DRB1(0.305171); TAP2(0.271743); HLA-DOB(0.258814); RFX5(0.232575); HLA-G(0.226158); CD8A(0.153278); HSP90AA1(-0.0676828); HLA-DPB1(-0.158238); HLA-C(-0.16713); HLA-DRA(-0.23441); HSP90AB1(-0.297586); HSPA8(-0.536149); LTA(-0.536149); HLA-DQB1(-0.576009); TAPBP(-1.34099); HLA-F(-1.34099); HLA-DQA2(-1.81042); RFXAP(-1.81042); ",0.999469
"100","KEGG_ADIPOCYTOKINE_SIGNALING_PATHWAY",67,19,-2.42516,0.992349,1,"TNFRSF1A(1.62249); NFKBIA(1.14981); CPT1A(0.405755); LEPR(0.33355); CD36(0.284305); NFKBIE(0.171839); RXRG(0.0914424); AKT3(0.0757193); MAPK10(-0.0792362); CPT1B(-0.489805); MAPK8(-0.536149); ACACB(-0.536149); RXRB(-0.536149); PRKAG2(-0.536149); SLC2A1(-0.536149); STAT3(-0.536149); CHUK(-0.536149); ADIPOR2(-1.34099); ",0.999469
"101","KEGG_CARDIAC_MUSCLE_CONTRACTION",78,21,-2.52699,0.994248,1,"ACTC1(0.993704); CACNG4(0.938683); CACNG1(0.938682); CACNA1S(0.435366); ATP1B2(0.413317); CACNB2(0.190356); CACNA1C(0.147694); CACNA1D(0.125551); ATP1B3(0.0538919); CACNA2D3(-0.382295); RYR2(-0.536149); CACNG5(-0.536149); COX7A2(-0.536149); MYH6(-0.536149); ATP1A1(-0.536149); ATP1A4(-0.536149); TPM1(-0.536149); CACNA2D1(-1.98692); ",0.999469
"102","KEGG_VIRAL_MYOCARDITIS",70,27,-2.89983,0.998133,1,"MYH3(1.39228); CXADR(1.171); MYH10(1.12358); SGCG(0.689717); CAV1(0.585059); HLA-DPA1(0.311187); HLA-DRB1(0.305171); LAMA2(0.26647); HLA-G(0.226158); MYH11(-0.142803); HLA-DPB1(-0.158238); MYH9(-0.159499); HLA-C(-0.16713); CD55(-0.18447); SGCB(-0.1906); FYN(-0.21397); ITGB2(-0.228711); HLA-DRA(-0.23441); MYH6(-0.536149); SGCD(-0.536149); EIF4G2(-0.536149); HLA-DQB1(-0.576009); HLA-A(-1.34099); HLA-F(-1.34099); HLA-DQA2(-1.81042); ",0.999469
"103","KEGG_ALLOGRAFT_REJECTION",37,15,-2.96328,0.998478,1,"GZMB(1.45989); HLA-DPA1(0.311187); HLA-DRB1(0.305171); HLA-DOB(0.258814); HLA-G(0.226158); IL4(0.115285); HLA-DPB1(-0.158238); HLA-C(-0.16713); CD28(-0.186095); HLA-DRA(-0.23441); IL12A(-0.536149); HLA-DQB1(-0.576009); HLA-A(-1.34099); HLA-F(-1.34099); HLA-DQA2(-1.81042); ",0.999469
"104","KEGG_CELL_ADHESION_MOLECULES_CAMS",133,48,-3.27378,0.999469,1,"CLDN8(1.49101); CNTN1(1.41362); NCAM1(1.13752); CD58(1.11758); NEGR1(1.00834); ITGAM(0.957224); CNTNAP2(0.78494); CDH1(0.573101); SDC2(0.522832); SELP(0.318916); HLA-DPA1(0.311187); HLA-DRB1(0.305171); NCAM2(0.288046); NRXN3(0.262101); HLA-DOB(0.258814); CNTN2(0.250728); CADM1(0.22456); CD8A(0.153278); NRXN1(0.0311093); CDH4(0.00808407); ITGA8(0.00762516); ITGA4(-0.0580308); CDH3(-0.107661); ITGA9(-0.125002); HLA-C(-0.16713); CD28(-0.186095); NRCAM(-0.189177); NFASC(-0.218697); ITGB2(-0.228711); HLA-DRA(-0.23441); JAM3(-0.25074); ITGB8(-0.298881); F11R(-0.322187); SDC4(-0.349156); NLGN1(-0.51541); CDH15(-0.536149); GLG1(-0.536149); VCAN(-0.536149); ALCAM(-0.536149); HLA-DQB1(-0.576009); HLA-F(-1.34099); CD274(-1.34099); HLA-DQA2(-1.81042); PTPRM(-1.81042); ",0.999469
